{
  "features": [
    "ax",
    "ay",
    "az",
    "gx",
    "gy",
    "gz",
    "acc_mag",
    "jerk_mag",
    "speed"
  ],
  "n_features": 9,
  "window_size": 50,
  "mean": [
    0.11499859388912215,
    0.013107801356929162,
    -0.032845176244965066,
    0.01993553037807401,
    -0.021678793344727523,
    -0.006140964822279619,
    4.483804919163349,
    81.7620571255797,
    31.436148637393803
  ],
  "scale": [
    2.1825122715078193,
    2.7768930390313376,
    6.68530836120224,
    0.43153593985410105,
    0.23138446288147493,
    0.22560327491723456,
    6.089155215797564,
    166.14380951225752,
    14.922075982655146
  ]
}