{"mean": [2.21458763394909, -2.0658645250518797, 1.0377722547799217, 0.3779975100976684, 0.0008763470603083288, 0.37748994897110655, 3.3286597665246274, 0.5926682738039479], "scale": [1.7576019300587906, 1.6390737508072726, 0.6421483692972603, 0.5225073069827108, 0.48456798758984726, 0.42787446422633585, 2.3145781313873206, 0.7905836130085852]}