{"mean": [2.15779699886947, -2.0448584654165183, 1.0225529488119915, 0.3639230775748897, -0.0001989361189690879, 0.364073613393585, 3.2605011976537153, 0.5651879874512423], "scale": [1.6449642665557085, 1.5677627167683694, 0.6116599726530985, 0.49884876701076203, 0.4453982015358458, 0.41516781165633687, 2.18865160630987, 0.7517620301458705]}